title,price,img
游릭 Quxas 2.4G Wireless Network Print Server.1 Port USB Print Server(LP-N110W),
游눲 $60.00,
游깫 https://m.media-amazon.com/images/I/51Cf+aOxMjL._AC_UL320_.jpg

游릭 StarTech.com StarTech.com 1-Port 10/100 Mbps Parallel Network Print Server - Fast Centronics Ethernet Printer Server Adapter - Windows 10 (PM1115P2),
游눲 $75.99,
游깫 https://m.media-amazon.com/images/I/61LlH+dXR8L._AC_UL320_.jpg

游릭 X-MEDIA XM-PS110P 1-Port 10/100Mbps Fast Ethernet Parallel Print Server. Parallel Centronics Port Network Print Server,
游눲 $64.99,
游깫 https://m.media-amazon.com/images/I/51EIhBjAbIL._AC_UL320_.jpg

游릭 IOGEAR 1-Port USB 2.0 Print Server. GPSU21,
游눲 $34.95,
游깫 https://m.media-amazon.com/images/I/41eUfqBpz5L._AC_UL320_.jpg

游릭 DYMO 1750630 LabelWriter Print Server,
游눲 $132.72,
游깫 https://m.media-amazon.com/images/I/61JVKRJeO2L._AC_UL320_.jpg

游릭 StarTech.com 10/100Mbps Ethernet to USB 2.0 Network Print Server - Windows 10 - LPR - LAN USB Print Server Adapter (PM1115U2),
游눲 $51.71,
游깫 https://m.media-amazon.com/images/I/61BAuVbK4TL._AC_UL320_.jpg

游릭 Wireless Print Server (NOT Plug&Play). 2 Port USB Print Server. Computer Networking Print Servers - Convert USB Printer to Wireless WiFi Ethernet Networking - Windows Mac Linux Compliant - CR202,
游눲 $57.99,
游깫 https://m.media-amazon.com/images/I/61lkCETz1OL._AC_UL320_.jpg

游릭 DS-510 USB to Gigabit Ethernet USB Device Server & AC Power Supply,
游눲 $138.00,
游깫 https://m.media-amazon.com/images/I/71WFjHbilYL._AC_UL320_.jpg

游릭 X-MEDIA XM-PS110U 1-Port 10/100Mbps Fast Ethernet USB Print Server. USB 2.0 Port Network Print Server,
游눲 $49.99,
游깫 https://m.media-amazon.com/images/I/51oGB1Xk+oL._AC_UL320_.jpg

游릭 X-MEDIA XM-PS110P 1-Port 10/100Mbps Fast Ethernet Parallel Print Server. Parallel Centronics Port Network Print Server,
游눲 $64.99,
游깫 https://m.media-amazon.com/images/I/51EIhBjAbIL._AC_UL320_.jpg

游릭 PARTS P1037974-001 Wired Internal Network Card for Zebra ZT210 ZT220 ZT230 ZT200 Series Thermal Printer Print Server Ethernet Port,
游눲 $84.99,
游깫 https://m.media-amazon.com/images/I/61XA0qgiMlL._AC_UL320_.jpg

游릭 DS-700 USB3.0 Device Adapter/Server - Ethernet,
游눲 $149.50,
游깫 https://m.media-amazon.com/images/I/714jccvxX4L._AC_UL320_.jpg

游릭 X-MEDIA XM-PS110U 1-Port 10/100Mbps Fast Ethernet USB Print Server. USB 2.0 Port Network Print Server,
游눲 $49.99,
游깫 https://m.media-amazon.com/images/I/51oGB1Xk+oL._AC_UL320_.jpg

游릭 DEVMO Compatible with UB-E03 Ethernet Interface Print Server C32C824541 TM-U220PB T81 U288 T88IV,
游눲 $109.99,
游깫 https://m.media-amazon.com/images/I/61NN9ZfHnPL._AC_UL320_.jpg

游릭 PARTS P1037974-001 Wired Internal Network Card for Zebra ZT210 ZT220 ZT230 ZT200 Series Thermal Printer Print Server Ethernet Port,
游눲 $84.99,
游깫 https://m.media-amazon.com/images/I/61XA0qgiMlL._AC_UL320_.jpg

游릭 New-HP J7934G - Jetdirect 620N Fast Ethernet Print Server - HEWJ7934G,
游눲 $18.99,
游깫 https://m.media-amazon.com/images/I/31X9RdRfwgL._AC_UL320_.jpg

游릭 Lexmark 27X6410 Marknet N8372 Wireless Print Server,
游눲 $83.42,
游깫 https://m.media-amazon.com/images/I/41e-Wl+sgdL._AC_UL320_.jpg

游릭 ATNEDCVH USB 2.0 WiFi Print Server. Wireless LAN Print Share Server for USB Printers.RAW IPP Print Protocol 10/100Mbps USB Network Print Server Adapter for Win 7 8 10 / Linux/Mac OS (Grey),
游눲 null,
游깫 https://m.media-amazon.com/images/I/51Zplaq9dVL._AC_UL320_.jpg

游릭 DS-600 Gigabit USB 3.0 High Throughput Device Server,
游눲 $201.25,
游깫 https://m.media-amazon.com/images/I/61vRZbYllSL._AC_UL320_.jpg

游릭 DEVMO Compatible with UB-E03 Ethernet Interface Print Server C32C824541 TM-U220PB T81 U288 T88IV,
游눲 $109.99,
游깫 https://m.media-amazon.com/images/I/61NN9ZfHnPL._AC_UL320_.jpg

游릭 Internal Ethernet Print Server Network Card for Zebra ZT210 ZT230 P1038204-01,
游눲 $98.99,
游깫 https://m.media-amazon.com/images/I/61vDZrCZC0L._AC_UL320_.jpg

游릭 Seh M05082 Myutn-2500 - Device Server - 10/100 MB LAN. Gige. Superspeed USB3.0,
游눲 $315.21,
游깫 https://m.media-amazon.com/images/I/51YvvdEoQTL._AC_UL320_.jpg

游릭 StarTech PM1115P2 1 Port 10/100 Mbps Ethernet Parallel Network Print Server,
游눲 null,
游깫 https://m.media-amazon.com/images/I/41ZzGoBzfXL._AC_UL320_.jpg

游릭 TRENDnet 1-Port Print Server TE100-P1U,
游눲 null,
游깫 https://m.media-amazon.com/images/I/71DGdl7Sc9L._AC_UL320_.jpg

游릭 Hawking Technology HPS1U 1 Port USB Internet Print Server,
游눲 $29.94,
游깫 https://m.media-amazon.com/images/I/71o6qdLhrEL._AC_UL320_.jpg

游릭 Zebra Kit Internal Print Server For Zebra S4M P1031033,
游눲 $119.99,
游깫 https://m.media-amazon.com/images/I/51g2qT7H0uL._AC_UL320_.jpg

游릭 StarTech.com 1 Port USB Wireless N Network Print Server - 802.11 b/g/n - print server,
游눲 null,
游깫 https://m.media-amazon.com/images/I/31KYVmPAjsL._AC_UL320_.jpg

游릭 Dymo LabelWriter Print Server,
游눲 $182.88,
游깫 https://m.media-amazon.com/images/I/41-Jh498Q9L._AC_UL320_.jpg

游릭 NETGEAR PS121 USB 2.0 Mini Print Server,
游눲 null,
游깫 https://m.media-amazon.com/images/I/31MQEBPQ73L._AC_UL320_.jpg

游릭 StarTech.com StarTech.com 1-Port 10/100 Mbps Parallel Network Print Server - Fast Centronics Ethernet Printer Server Adapter - Windows 10 (PM1115P2),
游눲 $178.54,
游깫 https://m.media-amazon.com/images/I/61hNlZKL5hL._AC_UL320_.jpg

游릭 Popidome USB Watchdog Card Computer Automatic Restart Server Monitoring for Detection Computer Crash Advertising Machine,
游눲 $8.56,
游깫 https://m.media-amazon.com/images/I/61qK6pKIFyL._AC_UL320_.jpg

游릭 Quxas 2.4G Wireless Network Print Server.1 Port USB Print Server(LP-N110W),
游눲 $60.00,
游깫 https://m.media-amazon.com/images/I/51Cf+aOxMjL._AC_UL320_.jpg

游릭 StarTech.com StarTech.com 1-Port 10/100 Mbps Parallel Network Print Server - Fast Centronics Ethernet Printer Server Adapter - Windows 10 (PM1115P2),
游눲 $75.99,
游깫 https://m.media-amazon.com/images/I/61LlH+dXR8L._AC_UL320_.jpg

游릭 X-MEDIA XM-PS110U 1-Port 10/100Mbps Fast Ethernet USB Print Server. USB 2.0 Port Network Print Server,
游눲 $49.99,
游깫 https://m.media-amazon.com/images/I/51oGB1Xk+oL._AC_UL320_.jpg

游릭 MS Windows SVR 2019 Cal (5 User) GR,
游눲 $202.45,
游깫 https://m.media-amazon.com/images/I/31BytaXbmoL._AC_UL320_.jpg

游릭 BRAINBOXES LTD Brainboxes Ltd Ed-516 Ethernet to 16 Digital Inputs,
游눲 $212.99,
游깫 https://m.media-amazon.com/images/I/61gPz3R1hXL._AC_UL320_.jpg

游릭 Cisco-Linksys EPSX3 EtherFast 10/100 3-port PrintServer,
游눲 $79.99,
游깫 https://m.media-amazon.com/images/I/41ENDBF85XL._AC_UL320_.jpg

游릭 Netgear FR114P Firewall Cable/DSL Router with Print Server,
游눲 $99.00,
游깫 https://m.media-amazon.com/images/I/31MQ3A938BL._AC_UL320_.jpg

游릭 Bondtech LGX Shortcut Copperhead Print Head (EXT-LGX-PH),
游눲 $199.99,
游깫 https://m.media-amazon.com/images/I/51S25612aCL._AC_UL320_.jpg

游릭 AirLink+ Networking 1-Port USB Printer Server MODEL#APSUSB1,
游눲 $27.85,
游깫 https://m.media-amazon.com/images/I/915x9Mi4+pL._AC_UL320_.jpg

游릭 Netgear PS110 10/100 Print Server with 2 Parallel Ports,
游눲 $299.98,
游깫 https://m.media-amazon.com/images/I/512ZSTQ8CFL._AC_UL320_.jpg

游릭 Quxas 2.4G Wireless Network Print Server.1 Port USB Print Server(LP-N110W),
游눲 $60.00,
游깫 https://m.media-amazon.com/images/I/51Cf+aOxMjL._AC_UL320_.jpg

游릭 StarTech.com StarTech.com 1-Port 10/100 Mbps Parallel Network Print Server - Fast Centronics Ethernet Printer Server Adapter - Windows 10 (PM1115P2),
游눲 $75.99,
游깫 https://m.media-amazon.com/images/I/61LlH+dXR8L._AC_UL320_.jpg

游릭 X-MEDIA XM-PS110U 1-Port 10/100Mbps Fast Ethernet USB Print Server. USB 2.0 Port Network Print Server,
游눲 $49.99,
游깫 https://m.media-amazon.com/images/I/51oGB1Xk+oL._AC_UL320_.jpg

游릭 Motorola/GI 512723-001-00 802.11G Print Server USB 2.0,
游눲 null,
游깫 https://m.media-amazon.com/images/I/81WgdxHGXpL._AC_UL320_.jpg

游릭 D-Link DI-707P Cable/DSL Router. 7-Port Switch. Print Server,
游눲 $69.99,
游깫 https://m.media-amazon.com/images/I/41F8YP359YL._AC_UL320_.jpg

游릭 Brother NC-4100h Internal Network Print Server,
游눲 $74.58,
游깫 https://m.media-amazon.com/images/I/4137lwWv+XL._AC_UL320_.jpg

游릭 Brother NC8000 Print Server RJ45 Printer Accessory,
游눲 $382.15,
游깫 https://m.media-amazon.com/images/I/21pUMxv3NVL._AC_UL320_.jpg

游릭 Synology Mail Server (MailPlus 5 Licenses),
游눲 $250.00,
游깫 https://m.media-amazon.com/images/I/51JhWi6vtdL._AC_UL320_.jpg

游릭 Digi Connectport Ts 8 Mei Serial to Ethernet Terminal Server,
游눲 $1,154.99,
游깫 https://m.media-amazon.com/images/I/61U+j8qR4GL._AC_UL320_.jpg

游릭 Lexmark MarkNet N8352 802.11b/g/n External Wireless Print Server (27X0125),
游눲 $54.31,
游깫 https://m.media-amazon.com/images/I/61I+MeCB6bL._AC_UL320_.jpg

